Accession,Genes,Descriptions,t=0 (Prime),t=36,t=48 (PSM),,,,,,,,,,,,,,,,,,,,,,,,,,
O62823,CSN1S1,"Alpha-S1-casein OS=Bubalus bubalis OX=89462 GN=CSN1S1 PE=2 SV=2, Alpha-S1-casein OS=Bubalus bubalis OX=89462 GN=CSN1S1 PE=2 SV=2",-,,"193,327.546875",,,,,,,,,,,,,,,,,,,,,,,,,,
Q8S8S3,DVL11,Small polypeptide DEVIL 11 OS=Arabidopsis thaliana OX=3702 GN=DVL11 PE=3 SV=1,-,,"130,438.773438",,,,,,,,,,,,,,,,,,,,,,,,,,
Q5XQN5,KRT5,"Keratin, type II cytoskeletal 5 OS=Bos taurus OX=9913 GN=KRT5 PE=1 SV=1",-,,"424,270.812500",,,,,,,,,,,,,,,,,,,,,,,,,,
Q148H5,KRT71,"Keratin, type II cytoskeletal 71 OS=Bos taurus OX=9913 GN=KRT71 PE=2 SV=1",-,,"27,218.126953",,,,,,,,,,,,,,,,,,,,,,,,,,
Q9Z2T6,Krt85,"Keratin, type II cuticular Hb5 OS=Mus musculus OX=10090 GN=Krt85 PE=1 SV=2",-,,"87,006.304688",,,,,,,,,,,,,,,,,,,,,,,,,,
Q96P20,NLRP3,"NACHT, LRR and PYD domains-containing protein 3 OS=Homo sapiens OX=9606 GN=NLRP3 PE=1 SV=3, NACHT, LRR and PYD domains-containing protein 3 OS=Homo sapiens OX=9606 GN=NLRP3 PE=1 SV=3",-,,"53,614.013672",,,,,,,,,,,,,,,,,,,,,,,,,,
P54773,PSBS,"Photosystem II 22 kDa protein, chloroplastic OS=Solanum lycopersicum OX=4081 GN=PSBS PE=3 SV=1",-,,"15,031.439453",,,,,,,,,,,,,,,,,,,,,,,,,,
A1USC4,rplK,50S ribosomal protein L11 OS=Bartonella bacilliformis (strain ATCC 35685 / NCTC 12138 / KC583) OX=360095 GN=rplK PE=3 SV=1,-,,"600,705.000000",,,,,,,,,,,,,,,,,,,,,,,,,,
Q9H8H3,TMT1A,Putative methyltransferase-like protein 7A OS=Homo sapiens OX=9606 GN=METTL7A PE=1 SV=1,-,,"15,111.184570",,,,,,,,,,,,,,,,,,,,,,,,,,
Q5R5C1,UMOD,Uromodulin OS=Pongo abelii OX=9601 GN=UMOD PE=2 SV=1,-,,"16,305.197266",,,,,,,,,,,,,,,,,,,,,,,,,,
Q60932,Vdac1,Voltage-dependent anion-selective channel protein 1 OS=Mus musculus OX=10090 GN=Vdac1 PE=1 SV=3,-,,"100,599.259766",,,,,,,,,,,,,,,,,,,,,,,,,,
P50425,CSN3,"Kappa-casein OS=Saiga tatarica OX=34875 GN=CSN3 PE=2 SV=1, Kappa-casein OS=Saiga tatarica OX=34875 GN=CSN3 PE=2 SV=1",-,"113,602.210938","212,158.218750",,,,,,,,,,,,,,,,,,,,,,,,,,
P58027,MAOA,"Amine oxidase [flavin-containing] A OS=Canis lupus familiaris OX=9615 GN=MAOA PE=2 SV=1, Amine oxidase [flavin-containing] A OS=Canis lupus familiaris OX=9615 GN=MAOA PE=2 SV=1, Amine oxidase [flavin-containing] A OS=Canis lupus familiaris OX=9615 GN=MAOA PE=2 SV=1, Amine oxidase [flavin-containing] A OS=Canis lupus familiaris OX=9615 GN=MAOA PE=2 SV=1",-,"145,051.046875","34,371.183594",,,,,,,,,,,,,,,,,,,,,,,,,,
Q6S8J3,POTEE,"POTE ankyrin domain family member E OS=Homo sapiens OX=9606 GN=POTEE PE=2 SV=3, POTE ankyrin domain family member E OS=Homo sapiens OX=9606 GN=POTEE PE=2 SV=3",-,"1,387,833.753906","158,000.699219",,,,,,,,,,,,,,,,,,,,,,,,,,
Q5RFL1,TPP1,"Tripeptidyl-peptidase 1 OS=Pongo abelii OX=9601 GN=TPP1 PE=2 SV=1, Tripeptidyl-peptidase 1 OS=Pongo abelii OX=9601 GN=TPP1 PE=2 SV=1, Tripeptidyl-peptidase 1 OS=Pongo abelii OX=9601 GN=TPP1 PE=2 SV=1, Tripeptidyl-peptidase 1 OS=Pongo abelii OX=9601 GN=TPP1 PE=2 SV=1",-,"112,013.851563","96,270.472656",,,,,,,,,,,,,,,,,,,,,,,,,,
P02746,C1QB,"Complement C1q subcomponent subunit B OS=Homo sapiens OX=9606 GN=C1QB PE=1 SV=3, Complement C1q subcomponent subunit B OS=Homo sapiens OX=9606 GN=C1QB PE=1 SV=3, Complement C1q subcomponent subunit B OS=Homo sapiens OX=9606 GN=C1QB PE=1 SV=3","25,954.626953",,"41,704.296875",,,,,,,,,,,,,,,,,,,,,,,,,,
Q7SID2,,"Cobalt-containing nitrile hydratase subunit alpha OS=Pseudonocardia thermophila OX=1848 PE=1 SV=3, Cobalt-containing nitrile hydratase subunit alpha OS=Pseudonocardia thermophila OX=1848 PE=1 SV=3, Cobalt-containing nitrile hydratase subunit alpha OS=Pseudonocardia thermophila OX=1848 PE=1 SV=3, Cobalt-containing nitrile hydratase subunit alpha OS=Pseudonocardia thermophila OX=1848 PE=1 SV=3","42,068.582520",,"15,557.580078",,,,,,,,,,,,,,,,,,,,,,,,,,
P67778,Phb1,"Prohibitin 1 OS=Mus musculus OX=10090 GN=Phb1 PE=1 SV=1, Prohibitin 1 OS=Mus musculus OX=10090 GN=Phb1 PE=1 SV=1, Prohibitin 1 OS=Mus musculus OX=10090 GN=Phb1 PE=1 SV=1, Prohibitin 1 OS=Mus musculus OX=10090 GN=Phb1 PE=1 SV=1","68,033.117188",,"19,501.222656",,,,,,,,,,,,,,,,,,,,,,,,,,
P04259,KRT6B,"Keratin, type II cytoskeletal 6B OS=Homo sapiens OX=9606 GN=KRT6B PE=1 SV=5, Keratin, type II cytoskeletal 6B OS=Homo sapiens OX=9606 GN=KRT6B PE=1 SV=5, Keratin, type II cytoskeletal 6B OS=Homo sapiens OX=9606 GN=KRT6B PE=1 SV=5, Keratin, type II cytoskeletal 6B OS=Homo sapiens OX=9606 GN=KRT6B PE=1 SV=5","101,486.714844",,"27,592.472656",,,,,,,,,,,,,,,,,,,,,,,,,,
P12111,COL6A3,"Collagen alpha-3(VI) chain OS=Homo sapiens OX=9606 GN=COL6A3 PE=1 SV=5, Collagen alpha-3(VI) chain OS=Homo sapiens OX=9606 GN=COL6A3 PE=1 SV=5, Collagen alpha-3(VI) chain OS=Homo sapiens OX=9606 GN=COL6A3 PE=1 SV=5, Collagen alpha-3(VI) chain OS=Homo sapiens OX=9606 GN=COL6A3 PE=1 SV=5","175,810.187500",,"106,890.742188",,,,,,,,,,,,,,,,,,,,,,,,,,
Q08257,CRYZ,"Quinone oxidoreductase OS=Homo sapiens OX=9606 GN=CRYZ PE=1 SV=1, Quinone oxidoreductase OS=Homo sapiens OX=9606 GN=CRYZ PE=1 SV=1, Quinone oxidoreductase OS=Homo sapiens OX=9606 GN=CRYZ PE=1 SV=1, Quinone oxidoreductase OS=Homo sapiens OX=9606 GN=CRYZ PE=1 SV=1","187,540.476563",,"214,648.875000",,,,,,,,,,,,,,,,,,,,,,,,,,
P12109,COL6A1,"Collagen alpha-1(VI) chain OS=Homo sapiens OX=9606 GN=COL6A1 PE=1 SV=3, Collagen alpha-1(VI) chain OS=Homo sapiens OX=9606 GN=COL6A1 PE=1 SV=3, Collagen alpha-1(VI) chain OS=Homo sapiens OX=9606 GN=COL6A1 PE=1 SV=3, Collagen alpha-1(VI) chain OS=Homo sapiens OX=9606 GN=COL6A1 PE=1 SV=3","383,468.585938",,"32,268.287109",,,,,,,,,,,,,,,,,,,,,,,,,,
P18258,,Tubulin alpha-1 chain OS=Paracentrotus lividus OX=7656 PE=2 SV=1,-,"17,338.097656",,,,,,,,,,,,,,,,,,,,,,,,,,,
P22629,,Streptavidin OS=Streptomyces avidinii OX=1895 PE=1 SV=1,-,"80,535.687500",,,,,,,,,,,,,,,,,,,,,,,,,,,
Q02413,DSG1,Desmoglein-1 OS=Homo sapiens OX=9606 GN=DSG1 PE=1 SV=2,-,"30,106.552734",,,,,,,,,,,,,,,,,,,,,,,,,,,
P15924,DSP,Desmoplakin OS=Homo sapiens OX=9606 GN=DSP PE=1 SV=3,-,"52,336.488281",,,,,,,,,,,,,,,,,,,,,,,,,,,
P02679,FGG,Fibrinogen gamma chain OS=Homo sapiens OX=9606 GN=FGG PE=1 SV=3,-,"55,628.820313",,,,,,,,,,,,,,,,,,,,,,,,,,,
P32754,HPD,4-hydroxyphenylpyruvate dioxygenase OS=Homo sapiens OX=9606 GN=HPD PE=1 SV=2,-,"15,899.486328",,,,,,,,,,,,,,,,,,,,,,,,,,,
Q4R520,HSP90B1,Endoplasmin OS=Macaca fascicularis OX=9541 GN=HSP90B1 PE=2 SV=1,-,"215,305.140625",,,,,,,,,,,,,,,,,,,,,,,,,,,
Q6EIY9,KRT1,"Keratin, type II cytoskeletal 1 OS=Canis lupus familiaris OX=9615 GN=KRT1 PE=2 SV=1",-,"13,633.609375",,,,,,,,,,,,,,,,,,,,,,,,,,,
P08779,KRT16,"Keratin, type I cytoskeletal 16 OS=Homo sapiens OX=9606 GN=KRT16 PE=1 SV=4",-,"2,133,864.558594",,,,,,,,,,,,,,,,,,,,,,,,,,,
Q0P5J6,KRT27,"Keratin, type I cytoskeletal 27 OS=Bos taurus OX=9913 GN=KRT27 PE=2 SV=1",-,"92,048.804688",,,,,,,,,,,,,,,,,,,,,,,,,,,
P02538,KRT6A,"Keratin, type II cytoskeletal 6A OS=Homo sapiens OX=9606 GN=KRT6A PE=1 SV=3",-,"1,468,247.156250",,,,,,,,,,,,,,,,,,,,,,,,,,,
Q5NU32,MAOA,Amine oxidase [flavin-containing] A OS=Equus caballus OX=9796 GN=MAOA PE=2 SV=1,-,"415,425.906250",,,,,,,,,,,,,,,,,,,,,,,,,,,
P11586,MTHFD1,"C-1-tetrahydrofolate synthase, cytoplasmic OS=Homo sapiens OX=9606 GN=MTHFD1 PE=1 SV=4",-,"114,433.238281",,,,,,,,,,,,,,,,,,,,,,,,,,,
I2BAK7,ompA,Outer membrane protein A OS=Shimwellia blattae (strain ATCC 29907 / DSM 4481 / JCM 1650 / NBRC 105725 / CDC 9005-74) OX=630626 GN=ompA PE=3 SV=1,-,"108,227.609375",,,,,,,,,,,,,,,,,,,,,,,,,,,
P07737,PFN1,Profilin-1 OS=Homo sapiens OX=9606 GN=PFN1 PE=1 SV=2,-,"22,443.025391",,,,,,,,,,,,,,,,,,,,,,,,,,,
B2TM01,prmA,Ribosomal protein L11 methyltransferase OS=Clostridium botulinum (strain Eklund 17B / Type B) OX=935198 GN=prmA PE=3 SV=1,-,"273,500.031250",,,,,,,,,,,,,,,,,,,,,,,,,,,
Q3ZJ93,rpoB,DNA-directed RNA polymerase subunit beta OS=Tupiella akineta OX=160070 GN=rpoB PE=3 SV=1,-,"1,446,259.875000",,,,,,,,,,,,,,,,,,,,,,,,,,,
P27105,STOM,Stomatin OS=Homo sapiens OX=9606 GN=STOM PE=1 SV=3,-,"56,728.919922",,,,,,,,,,,,,,,,,,,,,,,,,,,
Q6GL68,tcf7l1,Transcription factor 7-like 1 OS=Xenopus tropicalis OX=8364 GN=tcf7l1 PE=2 SV=1,-,"255,507.000000",,,,,,,,,,,,,,,,,,,,,,,,,,,
Q60931,Vdac3,Voltage-dependent anion-selective channel protein 3 OS=Mus musculus OX=10090 GN=Vdac3 PE=1 SV=1,-,"61,684.570313",,,,,,,,,,,,,,,,,,,,,,,,,,,
Q9CKC8,zipA,Cell division protein ZipA OS=Pasteurella multocida (strain Pm70) OX=272843 GN=zipA PE=3 SV=1,-,"59,341.167969",,,,,,,,,,,,,,,,,,,,,,,,,,,
P15357,RpS27A,"Ubiquitin-40S ribosomal protein S27a OS=Drosophila melanogaster OX=7227 GN=RpS27A PE=1 SV=2, Ubiquitin-40S ribosomal protein S27a OS=Drosophila melanogaster OX=7227 GN=RpS27A PE=1 SV=2, Ubiquitin-40S ribosomal protein S27a OS=Drosophila melanogaster OX=7227 GN=RpS27A PE=1 SV=2","75,829.804688","101,581.218750",,,,,,,,,,,,,,,,,,,,,,,,,,,
P81605,DCD,"Dermcidin OS=Homo sapiens OX=9606 GN=DCD PE=1 SV=2, Dermcidin OS=Homo sapiens OX=9606 GN=DCD PE=1 SV=2, Dermcidin OS=Homo sapiens OX=9606 GN=DCD PE=1 SV=2","83,073.265625","214,238.500000",,,,,,,,,,,,,,,,,,,,,,,,,,,
P05109,S100A8,"Protein S100-A8 OS=Homo sapiens OX=9606 GN=S100A8 PE=1 SV=1, Protein S100-A8 OS=Homo sapiens OX=9606 GN=S100A8 PE=1 SV=1, Protein S100-A8 OS=Homo sapiens OX=9606 GN=S100A8 PE=1 SV=1","95,825.765625","24,552.349609",,,,,,,,,,,,,,,,,,,,,,,,,,,
P07339,CTSD,"Cathepsin D OS=Homo sapiens OX=9606 GN=CTSD PE=1 SV=1, Cathepsin D OS=Homo sapiens OX=9606 GN=CTSD PE=1 SV=1, Cathepsin D OS=Homo sapiens OX=9606 GN=CTSD PE=1 SV=1","130,115.246094","58,087.910156",,,,,,,,,,,,,,,,,,,,,,,,,,,
P80534,,"Glyceraldehyde-3-phosphate dehydrogenase, muscle OS=Jaculus orientalis OX=48868 PE=1 SV=2, Glyceraldehyde-3-phosphate dehydrogenase, muscle OS=Jaculus orientalis OX=48868 PE=1 SV=2, Glyceraldehyde-3-phosphate dehydrogenase, muscle OS=Jaculus orientalis OX=48868 PE=1 SV=2","213,420.871094","103,545.880859",,,,,,,,,,,,,,,,,,,,,,,,,,,
P21796,VDAC1,"Voltage-dependent anion-selective channel protein 1 OS=Homo sapiens OX=9606 GN=VDAC1 PE=1 SV=2, Voltage-dependent anion-selective channel protein 1 OS=Homo sapiens OX=9606 GN=VDAC1 PE=1 SV=2, Voltage-dependent anion-selective channel protein 1 OS=Homo sapiens OX=9606 GN=VDAC1 PE=1 SV=2","242,476.687500","732,300.615234",,,,,,,,,,,,,,,,,,,,,,,,,,,
P68689,grxA,"Glutaredoxin 1 OS=Shigella flexneri OX=623 GN=grxA PE=3 SV=1, Glutaredoxin 1 OS=Shigella flexneri OX=623 GN=grxA PE=3 SV=1, Glutaredoxin 1 OS=Shigella flexneri OX=623 GN=grxA PE=3 SV=1","2,988,650.890625","479,381.218750",,,,,,,,,,,,,,,,,,,,,,,,,,,
P13647,KRT5,"Keratin, type II cytoskeletal 5 OS=Homo sapiens OX=9606 GN=KRT5 PE=1 SV=3, Keratin, type II cytoskeletal 5 OS=Homo sapiens OX=9606 GN=KRT5 PE=1 SV=3, Keratin, type II cytoskeletal 5 OS=Homo sapiens OX=9606 GN=KRT5 PE=1 SV=3","3,196,930.632813","402,369.867188",,,,,,,,,,,,,,,,,,,,,,,,,,,
P02769,ALB,"Albumin OS=Bos taurus OX=9913 GN=ALB PE=1 SV=4, Albumin OS=Bos taurus OX=9913 GN=ALB PE=1 SV=4, Albumin OS=Bos taurus OX=9913 GN=ALB PE=1 SV=4","188,025,283.683594","290,424.343750",,,,,,,,,,,,,,,,,,,,,,,,,,,
P49411,TUFM,"Elongation factor Tu, mitochondrial OS=Homo sapiens OX=9606 GN=TUFM PE=1 SV=3, Elongation factor Tu, mitochondrial OS=Homo sapiens OX=9606 GN=TUFM PE=1 SV=3","22,506.205078",,,,,,,,,,,,,,,,,,,,,,,,,,,,
A9UMS3,phb2,"Prohibitin-2 OS=Xenopus tropicalis OX=8364 GN=phb2 PE=2 SV=1, Prohibitin-2 OS=Xenopus tropicalis OX=8364 GN=phb2 PE=2 SV=1, Prohibitin-2 OS=Xenopus tropicalis OX=8364 GN=phb2 PE=2 SV=1","48,258.378906",,,,,,,,,,,,,,,,,,,,,,,,,,,,
P52181,tgm2,"Protein-glutamine gamma-glutamyltransferase 2 OS=Pagrus major OX=143350 GN=tgm2 PE=1 SV=1, Protein-glutamine gamma-glutamyltransferase 2 OS=Pagrus major OX=143350 GN=tgm2 PE=1 SV=1","49,619.472656",,,,,,,,,,,,,,,,,,,,,,,,,,,,
P22791,Hmgcs2,"Hydroxymethylglutaryl-CoA synthase, mitochondrial OS=Rattus norvegicus OX=10116 GN=Hmgcs2 PE=1 SV=2, Hydroxymethylglutaryl-CoA synthase, mitochondrial OS=Rattus norvegicus OX=10116 GN=Hmgcs2 PE=1 SV=2","83,447.773438",,,,,,,,,,,,,,,,,,,,,,,,,,,,
Q46Z81,rnhA,"Ribonuclease H OS=Cupriavidus pinatubonensis (strain JMP 134 / LMG 1197) OX=264198 GN=rnhA PE=3 SV=1, Ribonuclease H OS=Cupriavidus pinatubonensis (strain JMP 134 / LMG 1197) OX=264198 GN=rnhA PE=3 SV=1","132,397.480469",,,,,,,,,,,,,,,,,,,,,,,,,,,,
O46375,TTR,"Transthyretin OS=Bos taurus OX=9913 GN=TTR PE=1 SV=1, Transthyretin OS=Bos taurus OX=9913 GN=TTR PE=1 SV=1","157,747.062500",,,,,,,,,,,,,,,,,,,,,,,,,,,,
Q5D862,FLG2,"Filaggrin-2 OS=Homo sapiens OX=9606 GN=FLG2 PE=1 SV=1, Filaggrin-2 OS=Homo sapiens OX=9606 GN=FLG2 PE=1 SV=1","174,152.765625",,,,,,,,,,,,,,,,,,,,,,,,,,,,
Q5ZJ23,ASS1,"Argininosuccinate synthase OS=Gallus gallus OX=9031 GN=ASS1 PE=2 SV=1, Argininosuccinate synthase OS=Gallus gallus OX=9031 GN=ASS1 PE=2 SV=1, Argininosuccinate synthase OS=Gallus gallus OX=9031 GN=ASS1 PE=2 SV=1","269,019.792969",,,,,,,,,,,,,,,,,,,,,,,,,,,,
O18499,,"Actin-1 OS=Saccoglossus kowalevskii OX=10224 PE=2 SV=1, Actin-1 OS=Saccoglossus kowalevskii OX=10224 PE=2 SV=1","449,575.117188",,,,,,,,,,,,,,,,,,,,,,,,,,,,
P02662,CSN1S1,"Alpha-S1-casein OS=Bos taurus OX=9913 GN=CSN1S1 PE=1 SV=2, Alpha-S1-casein OS=Bos taurus OX=9913 GN=CSN1S1 PE=1 SV=2","750,894.718750",,,,,,,,,,,,,,,,,,,,,,,,,,,,
A9IR19,uvrB,"UvrABC system protein B OS=Bordetella petrii (strain ATCC BAA-461 / DSM 12804 / CCUG 43448) OX=340100 GN=uvrB PE=3 SV=1, UvrABC system protein B OS=Bordetella petrii (strain ATCC BAA-461 / DSM 12804 / CCUG 43448) OX=340100 GN=uvrB PE=3 SV=1","916,040.000000",,,,,,,,,,,,,,,,,,,,,,,,,,,,
P12110,COL6A2,"Collagen alpha-2(VI) chain OS=Homo sapiens OX=9606 GN=COL6A2 PE=1 SV=4, Collagen alpha-2(VI) chain OS=Homo sapiens OX=9606 GN=COL6A2 PE=1 SV=4, Collagen alpha-2(VI) chain OS=Homo sapiens OX=9606 GN=COL6A2 PE=1 SV=4, Collagen alpha-2(VI) chain OS=Homo sapiens OX=9606 GN=COL6A2 PE=1 SV=4","1,504,083.582031",,,,,,,,,,,,,,,,,,,,,,,,,,,,
P35747,ALB,"Albumin OS=Equus caballus OX=9796 GN=ALB PE=1 SV=1, Albumin OS=Equus caballus OX=9796 GN=ALB PE=1 SV=1","1,933,088.359375",,,,,,,,,,,,,,,,,,,,,,,,,,,,
P05102,hhaIM,"Type II methyltransferase M.HhaI OS=Haemophilus parahaemolyticus OX=735 GN=hhaIM PE=1 SV=1, Type II methyltransferase M.HhaI OS=Haemophilus parahaemolyticus OX=735 GN=hhaIM PE=1 SV=1, Type II methyltransferase M.HhaI OS=Haemophilus parahaemolyticus OX=735 GN=hhaIM PE=1 SV=1, Type II methyltransferase M.HhaI OS=Haemophilus parahaemolyticus OX=735 GN=hhaIM PE=1 SV=1","19,248.994141","330,680.906250","113,887.945313",,,,,,,,,,,,,,,,,,,,,,,,,,
P02788,LTF,"Lactotransferrin OS=Homo sapiens OX=9606 GN=LTF PE=1 SV=6, Lactotransferrin OS=Homo sapiens OX=9606 GN=LTF PE=1 SV=6, Lactotransferrin OS=Homo sapiens OX=9606 GN=LTF PE=1 SV=6, Lactotransferrin OS=Homo sapiens OX=9606 GN=LTF PE=1 SV=6","65,970.099609","85,188.382813","53,218.326172",,,,,,,,,,,,,,,,,,,,,,,,,,
P45880,VDAC2,"Voltage-dependent anion-selective channel protein 2 OS=Homo sapiens OX=9606 GN=VDAC2 PE=1 SV=2, Voltage-dependent anion-selective channel protein 2 OS=Homo sapiens OX=9606 GN=VDAC2 PE=1 SV=2, Voltage-dependent anion-selective channel protein 2 OS=Homo sapiens OX=9606 GN=VDAC2 PE=1 SV=2, Voltage-dependent anion-selective channel protein 2 OS=Homo sapiens OX=9606 GN=VDAC2 PE=1 SV=2","69,123.937500","242,890.613281","53,640.484375",,,,,,,,,,,,,,,,,,,,,,,,,,
Q9Y6N5,SQOR,"Sulfide:quinone oxidoreductase, mitochondrial OS=Homo sapiens OX=9606 GN=SQOR PE=1 SV=1, Sulfide:quinone oxidoreductase, mitochondrial OS=Homo sapiens OX=9606 GN=SQOR PE=1 SV=1, Sulfide:quinone oxidoreductase, mitochondrial OS=Homo sapiens OX=9606 GN=SQOR PE=1 SV=1, Sulfide:quinone oxidoreductase, mitochondrial OS=Homo sapiens OX=9606 GN=SQOR PE=1 SV=1","92,963.214844","40,203.746094","123,086.210938",,,,,,,,,,,,,,,,,,,,,,,,,,
P00974,,"Pancreatic trypsin inhibitor OS=Bos taurus OX=9913 PE=1 SV=2, Pancreatic trypsin inhibitor OS=Bos taurus OX=9913 PE=1 SV=2, Pancreatic trypsin inhibitor OS=Bos taurus OX=9913 PE=1 SV=2, Pancreatic trypsin inhibitor OS=Bos taurus OX=9913 PE=1 SV=2","125,417.542969","1,524,374.500000","235,233.953125",,,,,,,,,,,,,,,,,,,,,,,,,,
P55157,MTTP,"Microsomal triglyceride transfer protein large subunit OS=Homo sapiens OX=9606 GN=MTTP PE=1 SV=1, Microsomal triglyceride transfer protein large subunit OS=Homo sapiens OX=9606 GN=MTTP PE=1 SV=1, Microsomal triglyceride transfer protein large subunit OS=Homo sapiens OX=9606 GN=MTTP PE=1 SV=1, Microsomal triglyceride transfer protein large subunit OS=Homo sapiens OX=9606 GN=MTTP PE=1 SV=1","134,546.312500","242,804.218750","120,317.984375",,,,,,,,,,,,,,,,,,,,,,,,,,
P02754,LGB,"Beta-lactoglobulin OS=Bos taurus OX=9913 GN=LGB PE=1 SV=3, Beta-lactoglobulin OS=Bos taurus OX=9913 GN=LGB PE=1 SV=3, Beta-lactoglobulin OS=Bos taurus OX=9913 GN=LGB PE=1 SV=3, Beta-lactoglobulin OS=Bos taurus OX=9913 GN=LGB PE=1 SV=3","336,671.996094","517,208.222656","110,305.546875",,,,,,,,,,,,,,,,,,,,,,,,,,
P00634,phoA,"Alkaline phosphatase OS=Escherichia coli (strain K12) OX=83333 GN=phoA PE=1 SV=1, Alkaline phosphatase OS=Escherichia coli (strain K12) OX=83333 GN=phoA PE=1 SV=1, Alkaline phosphatase OS=Escherichia coli (strain K12) OX=83333 GN=phoA PE=1 SV=1, Alkaline phosphatase OS=Escherichia coli (strain K12) OX=83333 GN=phoA PE=1 SV=1","767,904.562500","247,078.937500","525,258.248047",,,,,,,,,,,,,,,,,,,,,,,,,,
P07099,EPHX1,"Epoxide hydrolase 1 OS=Homo sapiens OX=9606 GN=EPHX1 PE=1 SV=1, Epoxide hydrolase 1 OS=Homo sapiens OX=9606 GN=EPHX1 PE=1 SV=1, Epoxide hydrolase 1 OS=Homo sapiens OX=9606 GN=EPHX1 PE=1 SV=1, Epoxide hydrolase 1 OS=Homo sapiens OX=9606 GN=EPHX1 PE=1 SV=1","779,324.062500","707,135.875000","312,429.625000",,,,,,,,,,,,,,,,,,,,,,,,,,
P02533,KRT14,"Keratin, type I cytoskeletal 14 OS=Homo sapiens OX=9606 GN=KRT14 PE=1 SV=4, Keratin, type I cytoskeletal 14 OS=Homo sapiens OX=9606 GN=KRT14 PE=1 SV=4, Keratin, type I cytoskeletal 14 OS=Homo sapiens OX=9606 GN=KRT14 PE=1 SV=4, Keratin, type I cytoskeletal 14 OS=Homo sapiens OX=9606 GN=KRT14 PE=1 SV=4","1,809,562.258789","497,111.875000","624,453.773438",,,,,,,,,,,,,,,,,,,,,,,,,,
P02666,CSN2,"Beta-casein OS=Bos taurus OX=9913 GN=CSN2 PE=1 SV=2, Beta-casein OS=Bos taurus OX=9913 GN=CSN2 PE=1 SV=2, Beta-casein OS=Bos taurus OX=9913 GN=CSN2 PE=1 SV=2, Beta-casein OS=Bos taurus OX=9913 GN=CSN2 PE=1 SV=2","2,417,277.093750","741,568.312500","489,370.835938",,,,,,,,,,,,,,,,,,,,,,,,,,
P0AA28,trxA,"Thioredoxin 1 OS=Salmonella typhimurium (strain LT2 / SGSC1412 / ATCC 700720) OX=99287 GN=trxA PE=1 SV=2, Thioredoxin 1 OS=Salmonella typhimurium (strain LT2 / SGSC1412 / ATCC 700720) OX=99287 GN=trxA PE=1 SV=2, Thioredoxin 1 OS=Salmonella typhimurium (strain LT2 / SGSC1412 / ATCC 700720) OX=99287 GN=trxA PE=1 SV=2, Thioredoxin 1 OS=Salmonella typhimurium (strain LT2 / SGSC1412 / ATCC 700720) OX=99287 GN=trxA PE=1 SV=2","11,215,679.308594","122,447.421875","482,729.605469",,,,,,,,,,,,,,,,,,,,,,,,,,
P35908,KRT2,"Keratin, type II cytoskeletal 2 epidermal OS=Homo sapiens OX=9606 GN=KRT2 PE=1 SV=2, Keratin, type II cytoskeletal 2 epidermal OS=Homo sapiens OX=9606 GN=KRT2 PE=1 SV=2, Keratin, type II cytoskeletal 2 epidermal OS=Homo sapiens OX=9606 GN=KRT2 PE=1 SV=2, Keratin, type II cytoskeletal 2 epidermal OS=Homo sapiens OX=9606 GN=KRT2 PE=1 SV=2","17,755,541.761719","7,031,236.273438","2,724,805.429688",,,,,,,,,,,,,,,,,,,,,,,,,,
P35527,KRT9,"Keratin, type I cytoskeletal 9 OS=Homo sapiens OX=9606 GN=KRT9 PE=1 SV=3, Keratin, type I cytoskeletal 9 OS=Homo sapiens OX=9606 GN=KRT9 PE=1 SV=3, Keratin, type I cytoskeletal 9 OS=Homo sapiens OX=9606 GN=KRT9 PE=1 SV=3, Keratin, type I cytoskeletal 9 OS=Homo sapiens OX=9606 GN=KRT9 PE=1 SV=3","38,134,250.975586","7,366,684.107422","4,133,115.821289",,,,,,,,,,,,,,,,,,,,,,,,,,
P13645,KRT10,"Keratin, type I cytoskeletal 10 OS=Homo sapiens OX=9606 GN=KRT10 PE=1 SV=6, Keratin, type I cytoskeletal 10 OS=Homo sapiens OX=9606 GN=KRT10 PE=1 SV=6, Keratin, type I cytoskeletal 10 OS=Homo sapiens OX=9606 GN=KRT10 PE=1 SV=6, Keratin, type I cytoskeletal 10 OS=Homo sapiens OX=9606 GN=KRT10 PE=1 SV=6","57,694,012.980469","17,740,785.337891","6,721,288.895508",,,,,,,,,,,,,,,,,,,,,,,,,,
P04264,KRT1,"Keratin, type II cytoskeletal 1 OS=Homo sapiens OX=9606 GN=KRT1 PE=1 SV=6, Keratin, type II cytoskeletal 1 OS=Homo sapiens OX=9606 GN=KRT1 PE=1 SV=6, Keratin, type II cytoskeletal 1 OS=Homo sapiens OX=9606 GN=KRT1 PE=1 SV=6, Keratin, type II cytoskeletal 1 OS=Homo sapiens OX=9606 GN=KRT1 PE=1 SV=6","108,576,429.828125","33,611,191.417969","20,440,776.576172",,,,,,,,,,,,,,,,,,,,,,,,,,
P00761,,"Trypsin OS=Sus scrofa OX=9823 PE=1 SV=1, Trypsin OS=Sus scrofa OX=9823 PE=1 SV=1, Trypsin OS=Sus scrofa OX=9823 PE=1 SV=1, Trypsin OS=Sus scrofa OX=9823 PE=1 SV=1","259,264,117.609375","135,962,025.507813","225,227,499.937500",,,,,,,,,,,,,,,,,,,,,,,,,,
O72896,,Protein O1 homolog OS=Fowlpox virus (strain NVSL) OX=928301 GN=FPV091 PE=3 SV=1,,,,,,,,,,,,,,,,,,,,,,,,,,,,,
P53155,,Uncharacterized protein YGL082W OS=Saccharomyces cerevisiae (strain ATCC 204508 / S288c) OX=559292 GN=YGL082W PE=1 SV=1,,,,,,,,,,,,,,,,,,,,,,,,,,,,,
P50544,Acadvl,"Very long-chain specific acyl-CoA dehydrogenase, mitochondrial OS=Mus musculus OX=10090 GN=Acadvl PE=1 SV=3, Very long-chain specific acyl-CoA dehydrogenase, mitochondrial OS=Mus musculus OX=10090 GN=Acadvl PE=1 SV=3",,,,,,,,,,,,,,,,,,,,,,,,,,,,,
P21549,AGXT,"Alanine--glyoxylate aminotransferase OS=Homo sapiens OX=9606 GN=AGXT PE=1 SV=1, Alanine--glyoxylate aminotransferase OS=Homo sapiens OX=9606 GN=AGXT PE=1 SV=1, Alanine--glyoxylate aminotransferase OS=Homo sapiens OX=9606 GN=AGXT PE=1 SV=1, Alanine--glyoxylate aminotransferase OS=Homo sapiens OX=9606 GN=AGXT PE=1 SV=1",,,,,,,,,,,,,,,,,,,,,,,,,,,,,
P51648,ALDH3A2,Aldehyde dehydrogenase family 3 member A2 OS=Homo sapiens OX=9606 GN=ALDH3A2 PE=1 SV=1,,,,,,,,,,,,,,,,,,,,,,,,,,,,,
A7YWE4,ALDH4A1,"Delta-1-pyrroline-5-carboxylate dehydrogenase, mitochondrial OS=Bos taurus OX=9913 GN=ALDH4A1 PE=2 SV=1, Delta-1-pyrroline-5-carboxylate dehydrogenase, mitochondrial OS=Bos taurus OX=9913 GN=ALDH4A1 PE=2 SV=1, Delta-1-pyrroline-5-carboxylate dehydrogenase, mitochondrial OS=Bos taurus OX=9913 GN=ALDH4A1 PE=2 SV=1",,,,,,,,,,,,,,,,,,,,,,,,,,,,,
Q06278,AOX1,"Aldehyde oxidase OS=Homo sapiens OX=9606 GN=AOX1 PE=1 SV=2, Aldehyde oxidase OS=Homo sapiens OX=9606 GN=AOX1 PE=1 SV=2, Aldehyde oxidase OS=Homo sapiens OX=9606 GN=AOX1 PE=1 SV=2",,,,,,,,,,,,,,,,,,,,,,,,,,,,,
Q9LJX4,APUM5,Pumilio homolog 5 OS=Arabidopsis thaliana OX=3702 GN=APUM5 PE=1 SV=2,,,,,,,,,,,,,,,,,,,,,,,,,,,,,
P01024,C3,"Complement C3 OS=Homo sapiens OX=9606 GN=C3 PE=1 SV=2, Complement C3 OS=Homo sapiens OX=9606 GN=C3 PE=1 SV=2",,,,,,,,,,,,,,,,,,,,,,,,,,,,,
Q4P8T5,CSN12,"Protein CSN12 homolog OS=Ustilago maydis (strain 521 / FGSC 9021) OX=237631 GN=CSN12 PE=3 SV=1, Protein CSN12 homolog OS=Ustilago maydis (strain 521 / FGSC 9021) OX=237631 GN=CSN12 PE=3 SV=1",,,,,,,,,,,,,,,,,,,,,,,,,,,,,
P11509,CYP2A6,"Cytochrome P450 2A6 OS=Homo sapiens OX=9606 GN=CYP2A6 PE=1 SV=4, Cytochrome P450 2A6 OS=Homo sapiens OX=9606 GN=CYP2A6 PE=1 SV=4, Cytochrome P450 2A6 OS=Homo sapiens OX=9606 GN=CYP2A6 PE=1 SV=4",,,,,,,,,,,,,,,,,,,,,,,,,,,,,
P56064,dnaG,"DNA primase OS=Helicobacter pylori (strain ATCC 700392 / 26695) OX=85962 GN=dnaG PE=1 SV=1, DNA primase OS=Helicobacter pylori (strain ATCC 700392 / 26695) OX=85962 GN=dnaG PE=1 SV=1",,,,,,,,,,,,,,,,,,,,,,,,,,,,,
P62631,Eef1a2,"Elongation factor 1-alpha 2 OS=Mus musculus OX=10090 GN=Eef1a2 PE=1 SV=1, Elongation factor 1-alpha 2 OS=Mus musculus OX=10090 GN=Eef1a2 PE=1 SV=1, Elongation factor 1-alpha 2 OS=Mus musculus OX=10090 GN=Eef1a2 PE=1 SV=1",,,,,,,,,,,,,,,,,,,,,,,,,,,,,
A5DF43,ERT1,Transcription activator of gluconeogenesis ERT1 OS=Meyerozyma guilliermondii (strain ATCC 6260 / CBS 566 / DSM 6381 / JCM 1539 / NBRC 10279 / NRRL Y-324) OX=294746 GN=ERT1 PE=3 SV=2,,,,,,,,,,,,,,,,,,,,,,,,,,,,,
P22830,FECH,"Ferrochelatase, mitochondrial OS=Homo sapiens OX=9606 GN=FECH PE=1 SV=2",,,,,,,,,,,,,,,,,,,,,,,,,,,,,
A9MHJ8,hscA,Chaperone protein HscA OS=Salmonella arizonae (strain ATCC BAA-731 / CDC346-86 / RSK2980) OX=41514 GN=hscA PE=3 SV=1,,,,,,,,,,,,,,,,,,,,,,,,,,,,,
P28845,HSD11B1,"11-beta-hydroxysteroid dehydrogenase 1 OS=Homo sapiens OX=9606 GN=HSD11B1 PE=1 SV=3, 11-beta-hydroxysteroid dehydrogenase 1 OS=Homo sapiens OX=9606 GN=HSD11B1 PE=1 SV=3",,,,,,,,,,,,,,,,,,,,,,,,,,,,,
P49134,Itgb1,"Integrin beta-1 OS=Rattus norvegicus OX=10116 GN=Itgb1 PE=2 SV=1, Integrin beta-1 OS=Rattus norvegicus OX=10116 GN=Itgb1 PE=2 SV=1, Integrin beta-1 OS=Rattus norvegicus OX=10116 GN=Itgb1 PE=2 SV=1",,,,,,,,,,,,,,,,,,,,,,,,,,,,,
P07228,ITGB1,Integrin beta-1 OS=Gallus gallus OX=9031 GN=ITGB1 PE=1 SV=1,,,,,,,,,,,,,,,,,,,,,,,,,,,,,
Q7Z794,KRT77,"Keratin, type II cytoskeletal 1b OS=Homo sapiens OX=9606 GN=KRT77 PE=1 SV=3, Keratin, type II cytoskeletal 1b OS=Homo sapiens OX=9606 GN=KRT77 PE=1 SV=3",,,,,,,,,,,,,,,,,,,,,,,,,,,,,
P11679,Krt8,"Keratin, type II cytoskeletal 8 OS=Mus musculus OX=10090 GN=Krt8 PE=1 SV=4",,,,,,,,,,,,,,,,,,,,,,,,,,,,,
O15230,LAMA5,Laminin subunit alpha-5 OS=Homo sapiens OX=9606 GN=LAMA5 PE=1 SV=8,,,,,,,,,,,,,,,,,,,,,,,,,,,,,
P38571,LIPA,Lysosomal acid lipase/cholesteryl ester hydrolase OS=Homo sapiens OX=9606 GN=LIPA PE=1 SV=2,,,,,,,,,,,,,,,,,,,,,,,,,,,,,
B1GZQ6,lon,Lon protease OS=Endomicrobium trichonymphae OX=1408204 GN=lon PE=3 SV=1,,,,,,,,,,,,,,,,,,,,,,,,,,,,,
Q00266,MAT1A,S-adenosylmethionine synthase isoform type-1 OS=Homo sapiens OX=9606 GN=MAT1A PE=1 SV=2,,,,,,,,,,,,,,,,,,,,,,,,,,,,,
Q2KJC6,MAT1A,"S-adenosylmethionine synthase isoform type-1 OS=Bos taurus OX=9913 GN=MAT1A PE=2 SV=1, S-adenosylmethionine synthase isoform type-1 OS=Bos taurus OX=9913 GN=MAT1A PE=2 SV=1",,,,,,,,,,,,,,,,,,,,,,,,,,,,,
A4FLV9,murC,UDP-N-acetylmuramate--L-alanine ligase OS=Saccharopolyspora erythraea (strain ATCC 11635 / DSM 40517 / JCM 4748 / NBRC 13426 / NCIMB 8594 / NRRL 2338) OX=405948 GN=murC PE=3 SV=1,,,,,,,,,,,,,,,,,,,,,,,,,,,,,
O59193,nac,Nascent polypeptide-associated complex protein OS=Pyrococcus horikoshii (strain ATCC 700860 / DSM 12428 / JCM 9974 / NBRC 100139 / OT-3) OX=70601 GN=nac PE=3 SV=1,,,,,,,,,,,,,,,,,,,,,,,,,,,,,
Q9P0Z9,PIPOX,Peroxisomal sarcosine oxidase OS=Homo sapiens OX=9606 GN=PIPOX PE=1 SV=2,,,,,,,,,,,,,,,,,,,,,,,,,,,,,
B0BYC5,rpoZ,DNA-directed RNA polymerase subunit omega OS=Rickettsia rickettsii (strain Iowa) OX=452659 GN=rpoZ PE=3 SV=1,,,,,,,,,,,,,,,,,,,,,,,,,,,,,
P06702,S100A9,"Protein S100-A9 OS=Homo sapiens OX=9606 GN=S100A9 PE=1 SV=1, Protein S100-A9 OS=Homo sapiens OX=9606 GN=S100A9 PE=1 SV=1",,,,,,,,,,,,,,,,,,,,,,,,,,,,,
Q14108,SCARB2,Lysosome membrane protein 2 OS=Homo sapiens OX=9606 GN=SCARB2 PE=1 SV=2,,,,,,,,,,,,,,,,,,,,,,,,,,,,,
P01009,SERPINA1,Alpha-1-antitrypsin OS=Homo sapiens OX=9606 GN=SERPINA1 PE=1 SV=3,,,,,,,,,,,,,,,,,,,,,,,,,,,,,
Q15582,TGFBI,Transforming growth factor-beta-induced protein ig-h3 OS=Homo sapiens OX=9606 GN=TGFBI PE=1 SV=1,,,,,,,,,,,,,,,,,,,,,,,,,,,,,
A3D558,trhO,tRNA uridine(34) hydroxylase OS=Shewanella baltica (strain OS155 / ATCC BAA-1091) OX=325240 GN=trhO PE=3 SV=1,,,,,,,,,,,,,,,,,,,,,,,,,,,,,
